N,K,PGEM_acc_mean,PGEM_acc_std,PGEM_wacc_mean,PGEM_wacc_std,PGEM_tau_mean,PGEM_tau_std,BT_acc_mean,BT_acc_std,BT_wacc_mean,BT_wacc_std,BT_tau_mean,BT_tau_std,BARP_acc_mean,BARP_acc_std,BARP_wacc_mean,BARP_wacc_std,BARP_tau_mean,BARP_tau_std,RC_acc_mean,RC_acc_std,RC_wacc_mean,RC_wacc_std,RC_tau_mean,RC_tau_std,FactorBT_acc_mean,FactorBT_acc_std,FactorBT_wacc_mean,FactorBT_wacc_std,FactorBT_tau_mean,FactorBT_tau_std,CrowdBT_acc_mean,CrowdBT_acc_std,CrowdBT_wacc_mean,CrowdBT_wacc_std,CrowdBT_tau_mean,CrowdBT_tau_std
10,2,0.9644927557395853,0.030395456258022143,0.9963269965804141,0.004229959150788728,0.9289855072463769,0.06079091613946524,0.9733333349227905,0.02177324086028633,0.9975282907485962,0.0030801060696149813,0.9466666666666665,0.043546484316145384,0.8355555653572082,0.1033751347238104,0.8992866098880767,0.07776112757466584,0.671111111111111,0.20675028177089785,0.8755555570125579,0.29265915831096573,0.8975282907485962,0.2991908173776717,0.8511111111111109,0.2870109904550265,0.9622222244739532,0.03449816393543801,0.9942505121231079,0.008343539557795526,0.9244444444444444,0.06899633198337787,0.9666666686534882,0.0302254882178325,0.9966014862060547,0.004166578524941119,0.9333333333333332,0.060450980038824195
50,2,0.9433271481533243,0.013463750088943858,0.9925044004363243,0.0038530183030581924,0.8866542980828694,0.02692749490800821,0.940163254737854,0.01775412285991459,0.9904992461204529,0.007160496310222764,0.880326530612245,0.035508233583610445,0.940163254737854,0.01775412285991459,0.9904992461204529,0.007160496310222764,0.880326530612245,0.035508233583610445,0.9278367340564728,0.02583308788472428,0.9858173668384552,0.011656445671003704,0.855673469387755,0.0516661825471177,0.9008979618549346,0.04591820320150463,0.9758270800113678,0.022560522269511236,0.8022857142857143,0.09216453063971147,0.942938779592514,0.013914715233573476,0.9922295844554901,0.0038528477116225143,0.8858775510204084,0.02782943228175042
50,6,0.9435999858379364,0.010594709293982598,0.9939310306310654,0.0018894043892622324,0.8872000000000003,0.021189415288846828,0.9386122524738312,0.01651240505413607,0.9920867443084717,0.0034639870040052614,0.8772244897959185,0.03302482248942668,0.9386122524738312,0.01651240505413607,0.9920867443084717,0.0034639870040052614,0.8772244897959185,0.03302482248942668,0.9244897961616516,0.018082134561462744,0.9888036489486695,0.004113086394362838,0.8489795918367348,0.03616427878987087,0.910693883895874,0.025667462623253867,0.9815699934959412,0.013782053995460699,0.8213877551020408,0.05133493256991304,0.9432081609964371,0.011810100802663499,0.9935812532901764,0.0018630006181176645,0.8864163265306121,0.023620213144069275
100,8,0.9224383866786957,0.00873616224939497,0.9838204431533814,0.0045202879521381665,0.8448767676767678,0.017472330538759503,0.9075353443622589,0.0175674102921044,0.9782163560390472,0.008278733631899349,0.8150707070707071,0.03513481549214938,0.9075353443622589,0.0175674102921044,0.9782163560390472,0.008278733631899349,0.8150707070707071,0.03513481549214938,0.8944040536880493,0.019611785089842005,0.971795254945755,0.00996098105946692,0.7888080808080808,0.03922358400099971,0.8837979853153228,0.029471808431546065,0.9682347416877747,0.019006369100740213,0.7675959595959597,0.05894360990002326,0.921872730255127,0.008403597096237057,0.9839433211088181,0.0043224848499417564,0.8437454545454546,0.016807192575598026
200,8,0.8927442216873169,0.01874884102287385,0.9705740439891816,0.009867957538023072,0.7854884422110554,0.03749769052929032,0.8721306562423706,0.02844477173611199,0.9583435118198395,0.017468174150540024,0.7442613065326633,0.0568895393404759,0.8721809029579163,0.02852845367267398,0.9583429515361785,0.017498128282953083,0.7443618090452261,0.05705691835370991,0.8644874334335327,0.028131310450680957,0.9539224028587341,0.01676242782722806,0.7289748743718591,0.05626263236744366,0.8187587916851043,0.043926424185374534,0.918373030424118,0.03780516141273457,0.637929648241206,0.08766180586359996,0.8923487460613251,0.019353976743385577,0.9699819046258926,0.010535409053866542,0.7846974874371858,0.03870795426773209
100,10,0.9237494969367981,0.008764146731330382,0.9853167295455932,0.00410214855747769,0.8474989898989901,0.017528306548439766,0.9092525243759155,0.01694125516660648,0.9791320383548736,0.008103316236881443,0.8185050505050506,0.033882491982325555,0.9092525243759155,0.01694125516660648,0.9791320383548736,0.008103316236881443,0.8185050505050506,0.033882491982325555,0.8985050559043884,0.016952191652196406,0.9744935274124146,0.007577557434177851,0.7970101010101012,0.033904359021475046,0.8862424194812775,0.01254590326896097,0.9677216231822967,0.01069162687741455,0.7724848484848487,0.025091819954513674,0.9212949478626251,0.009210574678197372,0.984418049454689,0.004602113728617226,0.8425898989898991,0.01842114939481296
200,10,0.8928512585163116,0.01470315259308573,0.9717389792203903,0.007388084157839954,0.785702512562814,0.029406291942506702,0.8783065438270569,0.021901130667951095,0.9625707983970642,0.012220453525273381,0.7566130653266331,0.04380226614262454,0.878271359205246,0.021865929822878407,0.9625886023044586,0.012214344086662372,0.7565427135678391,0.04373185728427023,0.8686985015869141,0.022296513115231814,0.9571628153324128,0.013490575184395268,0.7373969849246231,0.044593032777086115,0.8344070315361023,0.031403567625128796,0.9290614128112793,0.025776892627017642,0.6688743718592964,0.06284191623992813,0.8914055293798446,0.015067469194581967,0.97046302318573,0.007797374095170864,0.7828110552763818,0.030134935398242954
200,50,0.8948783880472183,0.0055666571338687494,0.9729128324985504,0.003825502575505457,0.789756783919598,0.01113331687675172,0.881623113155365,0.006941402259484446,0.9652863323688508,0.004903350676673251,0.7632462311557788,0.013882816996648409,0.8816884398460388,0.00697327380204768,0.965276962518692,0.004870265383742241,0.7633768844221105,0.013946562421206222,0.8711909592151642,0.007191729538195613,0.9589567661285401,0.006206154256337212,0.7423819095477386,0.014383454576751588,0.8351758778095245,0.008535522930728906,0.9339596092700958,0.007366402204733663,0.6703517587939698,0.01707105514354772,0.8947366839647293,0.005644580950842958,0.9729124838113785,0.0038156739751164003,0.7894733668341709,0.011289162491874014
500,50,0.8257034087181091,0.014521562958862994,0.9270043104887009,0.011717355574013232,0.6514068136272545,0.029043131388842257,0.8180873811244964,0.0106176552947516,0.9213290810585022,0.010286969018069154,0.6361747494989979,0.02123531857791168,0.8197226524353027,0.010917685232230651,0.9226338565349579,0.010434944242832887,0.6394452905811622,0.02183537141625402,0.8134565114974975,0.010895690841967736,0.9172200918197632,0.011227022594325328,0.6269972364862293,0.021789346066140153,0.7740729510784149,0.01256092900163748,0.8791631400585175,0.014028526872420496,0.5482132264529057,0.025155475283029593,0.831409460902214,0.020438231427938953,0.9330364340543746,0.020452756521748584,0.6628189178356712,0.04087646267209444
